starred_at,user,user_url
"2026-05-17T20:52:44Z","Davidfrosted","https://github.com/Davidfrosted"
"2026-05-17T20:52:46Z","Wereca","https://github.com/Wereca"
"2026-05-17T20:53:47Z","dasko2026","https://github.com/dasko2026"
"2026-05-17T20:53:59Z","mdsajibmolla666-gif","https://github.com/mdsajibmolla666-gif"
"2026-05-17T20:54:31Z","Ahmedcu1","https://github.com/Ahmedcu1"
"2026-05-17T20:58:20Z","burilisman","https://github.com/burilisman"
"2026-05-17T20:59:02Z","robinjohnston25","https://github.com/robinjohnston25"
"2026-05-17T21:00:37Z","mdasura9292","https://github.com/mdasura9292"
"2026-05-17T21:04:02Z","vkua1959","https://github.com/vkua1959"
"2026-05-17T21:05:31Z","fariyassssss","https://github.com/fariyassssss"
"2026-05-17T21:08:30Z","alerud73","https://github.com/alerud73"
"2026-05-17T21:10:25Z","Lesjes","https://github.com/Lesjes"
"2026-05-17T21:13:39Z","tjpriya2110-cloud","https://github.com/tjpriya2110-cloud"
"2026-05-17T21:14:22Z","Welest-hub","https://github.com/Welest-hub"
"2026-05-17T21:20:22Z","EVGENI2904","https://github.com/EVGENI2904"
"2026-05-17T21:21:14Z","dmitriishum2018-lab","https://github.com/dmitriishum2018-lab"
"2026-05-17T21:23:53Z","murshida9397","https://github.com/murshida9397"
"2026-05-17T21:25:59Z","hussainnazmul140-hue","https://github.com/hussainnazmul140-hue"
"2026-05-17T21:27:08Z","bahil2653-sketch","https://github.com/bahil2653-sketch"
"2026-05-17T21:40:00Z","oldforward","https://github.com/oldforward"
"2026-05-17T21:42:04Z","hman19877","https://github.com/hman19877"
"2026-05-17T22:05:07Z","abasy8","https://github.com/abasy8"
"2026-05-17T22:11:08Z","bevberu","https://github.com/bevberu"
"2026-05-17T22:30:01Z","rimirivye-droid","https://github.com/rimirivye-droid"
"2026-05-17T23:37:50Z","Sanpen43","https://github.com/Sanpen43"
"2026-05-17T23:49:49Z","yulia4325","https://github.com/yulia4325"
"2026-05-18T00:02:02Z","mdshevle-ux","https://github.com/mdshevle-ux"
"2026-05-18T00:05:42Z","nila468426-dev","https://github.com/nila468426-dev"
"2026-05-18T00:05:54Z","a5yal44678-coder","https://github.com/a5yal44678-coder"
"2026-05-18T00:18:47Z","fukkus82","https://github.com/fukkus82"
"2026-05-18T00:30:39Z","dimk24","https://github.com/dimk24"
"2026-05-18T00:56:34Z","malek4786-pixel","https://github.com/malek4786-pixel"
"2026-05-18T00:59:35Z","fahimrs729-glitch","https://github.com/fahimrs729-glitch"
"2026-05-18T01:00:28Z","babulsheikh963-prog","https://github.com/babulsheikh963-prog"
"2026-05-18T01:06:23Z","sezan58","https://github.com/sezan58"
"2026-05-18T01:11:41Z","gitmhsiyam010","https://github.com/gitmhsiyam010"
"2026-05-18T01:41:27Z","Jackson8785","https://github.com/Jackson8785"
"2026-05-18T01:50:24Z","mongsala123","https://github.com/mongsala123"
"2026-05-18T01:50:57Z","ekekram001-hash","https://github.com/ekekram001-hash"
"2026-05-18T01:54:59Z","ahmadkawsar917-ai","https://github.com/ahmadkawsar917-ai"
"2026-05-18T02:04:43Z","deymanai994-ctrl","https://github.com/deymanai994-ctrl"
"2026-05-18T02:12:20Z","hosamnabil2016","https://github.com/hosamnabil2016"
"2026-05-18T02:14:37Z","MaureenKroos","https://github.com/MaureenKroos"
"2026-05-18T02:17:03Z","moudud001","https://github.com/moudud001"
"2026-05-18T02:29:04Z","sorkarmilon24-wq","https://github.com/sorkarmilon24-wq"
"2026-05-18T02:30:52Z","xunayedrafi58-ai","https://github.com/xunayedrafi58-ai"
"2026-05-18T02:33:33Z","mdmayaop2-hue","https://github.com/mdmayaop2-hue"
"2026-05-18T02:51:55Z","safuyankabir-cloud","https://github.com/safuyankabir-cloud"
"2026-05-18T02:55:37Z","roninbms","https://github.com/roninbms"
"2026-05-18T03:22:46Z","Lion-fahad","https://github.com/Lion-fahad"
"2026-05-18T03:22:53Z","hossainzahid010-create","https://github.com/hossainzahid010-create"
"2026-05-18T03:40:06Z","fedorn814","https://github.com/fedorn814"
"2026-05-18T03:45:00Z","kazimuhinuddinkamrul-art","https://github.com/kazimuhinuddinkamrul-art"
"2026-05-18T03:45:36Z","emin71182-droid","https://github.com/emin71182-droid"
"2026-05-18T03:57:55Z","marinad0122333-jpg","https://github.com/marinad0122333-jpg"
"2026-05-18T04:00:52Z","andryklim40","https://github.com/andryklim40"
"2026-05-18T04:01:44Z","jonwiliam243","https://github.com/jonwiliam243"
"2026-05-18T04:04:26Z","nusratsanta82-debug","https://github.com/nusratsanta82-debug"
"2026-05-18T04:04:35Z","talhaalish2-wq","https://github.com/talhaalish2-wq"
"2026-05-18T04:07:41Z","3xamen","https://github.com/3xamen"
"2026-05-18T04:07:49Z","lorsaa","https://github.com/lorsaa"
"2026-05-18T04:09:01Z","itsokay-ui","https://github.com/itsokay-ui"
"2026-05-18T04:13:43Z","mahovicoleg1-crypto","https://github.com/mahovicoleg1-crypto"
"2026-05-18T04:24:18Z","hussienroro9988776655-cyber","https://github.com/hussienroro9988776655-cyber"
"2026-05-18T04:36:21Z","olegbobrik1111","https://github.com/olegbobrik1111"
"2026-05-18T04:51:37Z","adam672673-blip","https://github.com/adam672673-blip"
"2026-05-18T04:59:03Z","rotonrana5100-sudo","https://github.com/rotonrana5100-sudo"
"2026-05-18T05:10:56Z","azu","https://github.com/azu"
"2026-05-18T05:18:26Z","hasibul25121989-bot","https://github.com/hasibul25121989-bot"
"2026-05-18T05:27:05Z","kui","https://github.com/kui"
"2026-05-18T05:27:23Z","sustovo95-ai","https://github.com/sustovo95-ai"
"2026-05-18T05:27:36Z","abdurrahimn7-rgb","https://github.com/abdurrahimn7-rgb"
"2026-05-18T05:31:53Z","gohatol1963-dotcom","https://github.com/gohatol1963-dotcom"
"2026-05-18T05:38:57Z","sumaiya8632","https://github.com/sumaiya8632"
"2026-05-18T05:43:43Z","Resviahmad1","https://github.com/Resviahmad1"
"2026-05-18T05:52:27Z","biliakvitalii9","https://github.com/biliakvitalii9"
"2026-05-18T06:00:10Z","riccreativestudio-beep","https://github.com/riccreativestudio-beep"
"2026-05-18T06:08:56Z","sfedik249-crypto","https://github.com/sfedik249-crypto"
"2026-05-18T06:14:00Z","nishad5341","https://github.com/nishad5341"
"2026-05-18T06:14:48Z","vikk764","https://github.com/vikk764"
"2026-05-18T06:15:38Z","aleksmadenisov-eng","https://github.com/aleksmadenisov-eng"
"2026-05-18T06:17:00Z","sasaplus1","https://github.com/sasaplus1"
"2026-05-18T06:18:41Z","thynt2","https://github.com/thynt2"
"2026-05-18T06:35:04Z","osurko153","https://github.com/osurko153"
"2026-05-18T06:37:01Z","hisaichi5518","https://github.com/hisaichi5518"
"2026-05-18T06:39:29Z","536991","https://github.com/536991"
"2026-05-18T06:39:40Z","masum138kk-sketch","https://github.com/masum138kk-sketch"
"2026-05-18T06:46:06Z","AYMAN2448","https://github.com/AYMAN2448"
"2026-05-18T06:46:10Z","maryaatt89-code","https://github.com/maryaatt89-code"
"2026-05-18T06:54:12Z","9968896","https://github.com/9968896"
"2026-05-18T06:56:43Z","Barhatt","https://github.com/Barhatt"
"2026-05-18T07:00:11Z","Vadim8085","https://github.com/Vadim8085"
"2026-05-18T07:02:01Z","joaopalmeiro","https://github.com/joaopalmeiro"
"2026-05-18T07:12:30Z","sosiskadydy-beep","https://github.com/sosiskadydy-beep"
"2026-05-18T07:15:11Z","Tom12349","https://github.com/Tom12349"
"2026-05-18T07:30:04Z","milfhubgit","https://github.com/milfhubgit"
"2026-05-18T07:33:13Z","rlespinasse","https://github.com/rlespinasse"
"2026-05-18T07:37:27Z","diptho123","https://github.com/diptho123"
"2026-05-18T07:40:48Z","egorgar05331364-lab","https://github.com/egorgar05331364-lab"
"2026-05-18T08:08:24Z","kotarotaniguchi0523","https://github.com/kotarotaniguchi0523"
"2026-05-18T08:23:17Z","nozomi-koborinai","https://github.com/nozomi-koborinai"
"2026-05-18T09:49:34Z","takachino","https://github.com/takachino"
"2026-05-18T10:55:41Z","aileot","https://github.com/aileot"
"2026-05-18T10:58:32Z","anamuratova","https://github.com/anamuratova"
"2026-05-18T12:10:11Z","ronnnnn","https://github.com/ronnnnn"
"2026-05-18T13:11:46Z","kyong0612","https://github.com/kyong0612"
"2026-05-18T13:15:56Z","ohakutsu","https://github.com/ohakutsu"
"2026-05-18T13:19:53Z","hayato-osh","https://github.com/hayato-osh"
"2026-05-18T13:29:48Z","endoumame","https://github.com/endoumame"
"2026-05-18T14:15:13Z","shrek-kurata","https://github.com/shrek-kurata"
"2026-05-18T14:16:41Z","0xTadash1","https://github.com/0xTadash1"
"2026-05-18T14:33:56Z","sasaken555","https://github.com/sasaken555"
"2026-05-18T15:00:01Z","shunk031","https://github.com/shunk031"
"2026-05-18T15:14:09Z","chktkd","https://github.com/chktkd"
"2026-05-18T15:38:28Z","malanjp","https://github.com/malanjp"
"2026-05-18T15:47:55Z","hita-hita-hita","https://github.com/hita-hita-hita"
"2026-05-18T15:54:26Z","tonarinohey","https://github.com/tonarinohey"
"2026-05-18T16:37:00Z","aiotter","https://github.com/aiotter"
"2026-05-18T16:37:11Z","akiomik","https://github.com/akiomik"
"2026-05-18T17:03:37Z","ys2GFyjd4dgit","https://github.com/ys2GFyjd4dgit"
"2026-05-18T17:30:27Z","RinSUGI","https://github.com/RinSUGI"
"2026-05-18T19:22:09Z","nonnil","https://github.com/nonnil"
"2026-05-18T19:32:52Z","HiroshigeAoki","https://github.com/HiroshigeAoki"
"2026-05-18T19:35:47Z","chalkygames123","https://github.com/chalkygames123"
"2026-05-18T19:47:26Z","SPICKEY0965","https://github.com/SPICKEY0965"
"2026-05-18T21:21:41Z","tgfjt","https://github.com/tgfjt"
"2026-05-18T21:30:44Z","mattyatea","https://github.com/mattyatea"
"2026-05-18T22:10:20Z","Ryu0118","https://github.com/Ryu0118"
"2026-05-18T22:17:28Z","enleur","https://github.com/enleur"
"2026-05-18T22:20:02Z","kayahara-yuki","https://github.com/kayahara-yuki"
"2026-05-18T22:34:48Z","khirotaka","https://github.com/khirotaka"
"2026-05-18T22:40:00Z","time-and-rice","https://github.com/time-and-rice"
"2026-05-18T22:43:45Z","keufcp","https://github.com/keufcp"
"2026-05-18T22:57:41Z","ykoyano","https://github.com/ykoyano"
"2026-05-18T23:36:59Z","kazuhideoki","https://github.com/kazuhideoki"
"2026-05-18T23:45:47Z","ytoune","https://github.com/ytoune"
"2026-05-18T23:52:48Z","kaznak","https://github.com/kaznak"
"2026-05-19T00:04:13Z","midasdf","https://github.com/midasdf"
"2026-05-19T00:12:55Z","himkt","https://github.com/himkt"
"2026-05-19T00:12:59Z","gentamura","https://github.com/gentamura"
"2026-05-19T00:14:21Z","phoorichet","https://github.com/phoorichet"
"2026-05-19T00:16:58Z","fan-k-tamura","https://github.com/fan-k-tamura"
"2026-05-19T00:29:56Z","tab4moji","https://github.com/tab4moji"
"2026-05-19T00:44:13Z","halqme","https://github.com/halqme"
"2026-05-19T00:48:41Z","simorgh3196","https://github.com/simorgh3196"
"2026-05-19T00:50:20Z","wangchangdog","https://github.com/wangchangdog"
"2026-05-19T00:55:42Z","homemade-ramen","https://github.com/homemade-ramen"
"2026-05-19T01:23:13Z","sh1nduu","https://github.com/sh1nduu"
"2026-05-19T01:24:10Z","hiono","https://github.com/hiono"
"2026-05-19T01:43:56Z","hiro0218","https://github.com/hiro0218"
"2026-05-19T02:49:45Z","nu0ma","https://github.com/nu0ma"
"2026-05-19T05:43:23Z","ykpythemind","https://github.com/ykpythemind"
"2026-05-19T05:49:16Z","Priestly","https://github.com/Priestly"
"2026-05-19T05:59:47Z","beauNate","https://github.com/beauNate"
"2026-05-19T06:59:04Z","ftnext","https://github.com/ftnext"
"2026-05-19T07:40:39Z","sakebook","https://github.com/sakebook"
"2026-05-19T07:49:03Z","jackchuka","https://github.com/jackchuka"
"2026-05-19T09:37:23Z","exoego","https://github.com/exoego"
"2026-05-19T09:40:19Z","ryo246912","https://github.com/ryo246912"
"2026-05-19T09:40:37Z","toliner","https://github.com/toliner"
"2026-05-19T09:41:38Z","sohag1234539","https://github.com/sohag1234539"
"2026-05-19T09:41:46Z","anadvv","https://github.com/anadvv"
"2026-05-19T09:42:39Z","fari098","https://github.com/fari098"
"2026-05-19T09:43:04Z","bmorium093-hash","https://github.com/bmorium093-hash"
"2026-05-19T09:46:21Z","samiulislam20161-tech","https://github.com/samiulislam20161-tech"
"2026-05-19T09:46:41Z","fasahinaya-commits","https://github.com/fasahinaya-commits"
"2026-05-19T09:48:09Z","era690862","https://github.com/era690862"
"2026-05-19T09:48:15Z","shpolash578-rgb","https://github.com/shpolash578-rgb"
"2026-05-19T09:50:24Z","HikaruEgashira","https://github.com/HikaruEgashira"
"2026-05-19T10:00:35Z","billkley1802","https://github.com/billkley1802"
"2026-05-19T10:03:01Z","d4rw1nz","https://github.com/d4rw1nz"
"2026-05-19T10:13:08Z","ToymurDeveloper","https://github.com/ToymurDeveloper"
"2026-05-19T10:19:01Z","xiaozi","https://github.com/xiaozi"
"2026-05-19T10:19:32Z","Wintus","https://github.com/Wintus"
"2026-05-19T10:29:02Z","Ota1022","https://github.com/Ota1022"
"2026-05-19T10:29:27Z","nazih987","https://github.com/nazih987"
"2026-05-19T10:30:15Z","zzvo","https://github.com/zzvo"
"2026-05-19T10:51:46Z","JasonYang0104","https://github.com/JasonYang0104"
"2026-05-19T10:56:20Z","Shovodaaaa","https://github.com/Shovodaaaa"
"2026-05-19T10:58:15Z","sathichawla-5","https://github.com/sathichawla-5"
"2026-05-19T11:06:57Z","glushrom777-collab","https://github.com/glushrom777-collab"
"2026-05-19T11:07:10Z","shekhor696","https://github.com/shekhor696"
"2026-05-19T11:34:27Z","SlashNephy","https://github.com/SlashNephy"
"2026-05-19T11:35:29Z","alexeyperedereev4489-web","https://github.com/alexeyperedereev4489-web"
"2026-05-19T11:42:03Z","Sammmm15827","https://github.com/Sammmm15827"
"2026-05-19T12:12:05Z","sigma7863","https://github.com/sigma7863"
"2026-05-19T12:46:44Z","lucy30096-cmd","https://github.com/lucy30096-cmd"
"2026-05-19T13:09:36Z","camornasta19-ops","https://github.com/camornasta19-ops"
"2026-05-19T13:24:42Z","129besan","https://github.com/129besan"
"2026-05-19T13:27:10Z","tkancf","https://github.com/tkancf"
"2026-05-19T13:30:28Z","cagecage5432-code","https://github.com/cagecage5432-code"
"2026-05-19T14:27:33Z","niraislam744","https://github.com/niraislam744"
"2026-05-19T15:01:41Z","DeluxeOwl","https://github.com/DeluxeOwl"
"2026-05-19T15:10:44Z","tanjidulalam31","https://github.com/tanjidulalam31"
"2026-05-19T15:19:30Z","barnojonyuldasheva-del","https://github.com/barnojonyuldasheva-del"
"2026-05-19T15:25:28Z","firasmom-ship-it","https://github.com/firasmom-ship-it"
"2026-05-20T00:18:20Z","t3yamoto","https://github.com/t3yamoto"
"2026-05-20T00:32:41Z","sasezaki","https://github.com/sasezaki"
"2026-05-20T00:34:14Z","ichizero","https://github.com/ichizero"
"2026-05-20T00:42:34Z","shimabukuromeg","https://github.com/shimabukuromeg"
"2026-05-20T02:44:19Z","youxkei","https://github.com/youxkei"
"2026-05-20T02:54:01Z","KS1019","https://github.com/KS1019"
"2026-05-20T06:11:17Z","TeddyHuang-00","https://github.com/TeddyHuang-00"
"2026-05-20T07:29:53Z","nawazz2024","https://github.com/nawazz2024"
"2026-05-20T07:50:53Z","shasuny120-sketch","https://github.com/shasuny120-sketch"
"2026-05-20T07:52:12Z","Alaminala12671","https://github.com/Alaminala12671"
"2026-05-20T07:53:26Z","fiza100304-prog","https://github.com/fiza100304-prog"
"2026-05-20T07:53:35Z","mmmanikbabu2211-creator","https://github.com/mmmanikbabu2211-creator"
"2026-05-20T07:54:17Z","jannatulakhiakhi90-create","https://github.com/jannatulakhiakhi90-create"
"2026-05-20T07:54:26Z","Pranto6778","https://github.com/Pranto6778"
"2026-05-20T08:23:18Z","sabrinaafrin8392-cmyk","https://github.com/sabrinaafrin8392-cmyk"
"2026-05-20T08:41:00Z","tariqulislamtushar40-ship-it","https://github.com/tariqulislamtushar40-ship-it"
"2026-05-20T08:58:47Z","sadiarah24","https://github.com/sadiarah24"
"2026-05-20T09:24:33Z","haruki26","https://github.com/haruki26"
"2026-05-20T09:27:50Z","vshugai94-glitch","https://github.com/vshugai94-glitch"
"2026-05-20T09:40:09Z","mdsaeid911-cmd","https://github.com/mdsaeid911-cmd"
"2026-05-20T10:29:05Z","Paulkost92","https://github.com/Paulkost92"
"2026-05-20T11:18:00Z","mdhoque321567-star","https://github.com/mdhoque321567-star"
"2026-05-20T11:37:49Z","alexanserj","https://github.com/alexanserj"
"2026-05-20T11:49:34Z","mobassir22","https://github.com/mobassir22"
"2026-05-20T11:49:53Z","exotic33-colud","https://github.com/exotic33-colud"
"2026-05-20T11:58:07Z","svetaboyh","https://github.com/svetaboyh"
"2026-05-20T12:07:22Z","trez241825-cyber","https://github.com/trez241825-cyber"
"2026-05-20T12:35:35Z","bestiya","https://github.com/bestiya"
"2026-05-20T12:35:46Z","metinmetin18","https://github.com/metinmetin18"
"2026-05-20T12:37:59Z","olegkononov423-collab","https://github.com/olegkononov423-collab"
"2026-05-20T12:39:00Z","manha9330","https://github.com/manha9330"
"2026-05-20T12:40:51Z","Vaaddii","https://github.com/Vaaddii"
"2026-05-20T12:44:54Z","hananansari123g-ops","https://github.com/hananansari123g-ops"
"2026-05-20T12:57:25Z","shoaib44-24","https://github.com/shoaib44-24"
"2026-05-20T13:02:28Z","kamalislam8811","https://github.com/kamalislam8811"
"2026-05-20T13:27:54Z","fatematujj774-sketch","https://github.com/fatematujj774-sketch"
"2026-05-20T13:43:35Z","frontalex","https://github.com/frontalex"
"2026-05-20T13:50:06Z","nadianeha333","https://github.com/nadianeha333"
"2026-05-20T14:19:37Z","arifulislam22001122-blip","https://github.com/arifulislam22001122-blip"
"2026-05-20T14:54:53Z","nowrinnowrin2244-lang","https://github.com/nowrinnowrin2244-lang"
"2026-05-20T15:18:05Z","abun70996-hub","https://github.com/abun70996-hub"
"2026-05-20T15:49:35Z","sgash708","https://github.com/sgash708"
"2026-05-20T16:06:31Z","Rabeya47165","https://github.com/Rabeya47165"
"2026-05-20T16:06:47Z","rosaaa98","https://github.com/rosaaa98"
"2026-05-20T16:12:13Z","dasavishek374038-dot","https://github.com/dasavishek374038-dot"
"2026-05-20T16:57:39Z","mrmotinyt44","https://github.com/mrmotinyt44"
"2026-05-20T17:06:51Z","michelande1985","https://github.com/michelande1985"
"2026-05-20T17:10:02Z","zeno54379-cpu","https://github.com/zeno54379-cpu"
"2026-05-20T17:52:15Z","farikmax4-cpu","https://github.com/farikmax4-cpu"
"2026-05-20T17:59:47Z","sinstaik","https://github.com/sinstaik"
"2026-05-20T18:15:11Z","timurmg-spec","https://github.com/timurmg-spec"
"2026-05-20T19:20:43Z","selvialadia","https://github.com/selvialadia"
"2026-05-20T20:54:38Z","top121Hofa123","https://github.com/top121Hofa123"
"2026-05-21T02:20:13Z","mdmayaop6-blip","https://github.com/mdmayaop6-blip"
"2026-05-21T03:46:27Z","molchanso1987-hue","https://github.com/molchanso1987-hue"
"2026-05-21T05:37:51Z","gabdrashitov100-ux","https://github.com/gabdrashitov100-ux"
"2026-05-21T05:52:08Z","shoichiaizawa","https://github.com/shoichiaizawa"
"2026-05-21T07:50:46Z","Ibraq88","https://github.com/Ibraq88"
"2026-05-21T08:06:22Z","rominhasan271","https://github.com/rominhasan271"
